brand,model,color,bluetooth,battery,ratings,last_month_sales,price,mrp_price,discount,delivery_type,delivery
boAt,Airdopes Plus 311,Charcoal Black,5.3,50,3.8,5000,7990,39900,80,fastest delivery,free delivery
Fire-Boltt,Unknown,Unknown,5.4,50,4.2,5000,7990,89990,91,fastest delivery,free delivery
boAt,Airdopes 131 Gen 2,Ice Blue,5.3,70,3.9,1000,7990,29900,73,fastest delivery,free delivery
pTron,Bassbuds Astra in-Ear,Black,5.3,34,4.2,0,5980,28990,79,fastest delivery,free delivery
boAt,Airdopes 219,Unknown,5.3,40,3.9,4000,10990,39900,72,fastest delivery,free delivery
boAt,Airdopes Plus 311,Charcoal Black,5.3,50,3.8,5000,7990,39900,80,fastest delivery,free delivery
boAt,Airdopes Joy,Jet Black,5.3,35,3.8,0,7990,34900,77,fastest delivery,free delivery
boAt,Airdopes 311 Pro,Active Black,5.3,50,3.7,4000,7990,49900,84,fastest delivery,free delivery
Kratos,Cube Ear Buds Wireless,Unknown,5.3,30,3.9,0,4990,29990,83,fastest delivery,free delivery
Fire-Boltt,Unknown,Unknown,5.4,50,4.2,5000,7990,89990,91,fastest delivery,free delivery
boAt,Airdopes 121 Pro Plus,Black,5.3,100,3.7,1000,11990,49900,76,fastest delivery,free delivery
Truke,[2025] Mega 7,Brown,5.3,60,4.3,1000,9990,34990,71,fastest delivery,free delivery
ZEBRONICS,Zeb-Sound Bomb 1,Blue,5.0,12,3.6,0,5990,24990,76,fastest delivery,free delivery
boAt,Airdopes 219,Unknown,5.3,40,3.9,5000,9990,39900,75,fastest delivery,free delivery
boAt,Airdopes 313,Green,5.3,75,4.0,0,10990,39900,72,fastest delivery,free delivery
Oneplus,Nord Buds 3,Blue,5.3,11,4.2,7000,19990,27990,29,fastest delivery,free delivery
JBL,Wave Buds 2 Ear Buds Wireless,Black,5.3,40,3.5,1000,27980,69990,60,fastest delivery,free delivery
Noise,Buds Trance in-Ear,Blue,5.3,45,4.0,1000,9990,24990,60,fastest delivery,free delivery
Oneplus,Nord Buds 3r,Black,5.3,54,4.2,8000,16990,19990,15,fastest delivery,free delivery
pTron,Bassbuds Astra in-Ear,Grey,5.3,34,4.2,1000,5980,28990,79,fastest delivery,free delivery
Skullcandy,Ink’D,Unknown,5.4,48,4.0,500,19990,1999000,80,fastest delivery,free delivery
BOULT,GOBOULT Formerly Astra,Black,5.3,48,4.1,1000,10990,34990,69,fastest delivery,free delivery
Noise,Pure Pods Wireless Open Ear Earbuds,Black,5.3,80,3.4,0,29990,69990,57,fastest delivery,free delivery
Noise,Buds N1,Ice Blue,5.3,40,3.9,2000,11990,34990,66,fastest delivery,free delivery
pTron,Bassbuds Astra in-Ear,Grey,5.3,34,4.2,1000,5980,28990,79,fastest delivery,free delivery
Oneplus,Nord Buds 2r,Grey,5.3,38,4.2,7000,15990,22990,30,fastest delivery,free delivery
BOULT,GOBOULT Formerly W60,Black,5.3,60,4.3,1000,7990,19990,60,fastest delivery,free delivery
Realme,Buds T200x,Black,5.4,48,4.0,4000,12990,24990,48,fastest delivery,free delivery
boAt,Airdopes Plus 311,Black,5.3,50,3.8,2000,7990,39900,80,fastest delivery,free delivery
Leaf,Buds X334,Unknown,5.4,40,4.2,300,5990,29990,80,fastest delivery,free delivery
JBL,Vibe Beam in-Ear Wireless Earbuds TWS,Black,5.3,32,3.6,1000,19980,59990,67,fastest delivery,free delivery
Hammer,Ultra Pods,Blue,5.3,100,3.3,400,5990,34990,83,fastest delivery,free delivery
boAt,Airdopes 121 Pro Plus,Black,5.3,100,3.7,1000,11990,49900,76,fastest delivery,free delivery
BOULT,GOBOULT Formerly K40,White,5.3,48,3.9,500,8990,29990,70,fastest delivery,free delivery
Noise,Buds VS104,Green,5.2,45,3.8,2000,7990,34990,77,fastest delivery,free delivery
boAt,Airdopes 121 Pro Plus,Blue,5.3,100,3.7,500,11990,49900,76,fastest delivery,free delivery
Noise,Buds VS601,Copper,5.3,50,3.8,1000,13990,39990,65,fastest delivery,free delivery
Realme,Buds T310,Black,5.3,40,4.2,7000,17850,39990,55,Unknown,free delivery
pTron,Bassbuds Spark in-Ear,Black,5.3,40,4.0,5000,5980,19990,70,fastest delivery,free delivery
boAt,Airdopes 101v2,Black,2.0,35,3.8,500,7990,39900,80,Unknown,free delivery
Samsung,Galaxy Buds Core Black Galaxy AI Enabled in-Ear,Black,5.3,35,3.9,5000,38990,99990,61,Unknown,free delivery
JBL,Wave Beam 2 Ear Buds Wireless,Black,5.3,40,3.4,0,34980,74990,53,fastest delivery,free delivery
Fire-Boltt,Unknown,Unknown,5.4,50,4.2,5000,7990,89990,91,fastest delivery,free delivery
BOULT,GOBOULT Formerly W20,Blue,5.3,40,3.9,0,7790,24990,69,fastest delivery,free delivery
Noise,Pure Pods Wireless Open Ear Earbuds,Beige,5.3,80,3.4,200,29990,69990,57,fastest delivery,free delivery
Noise,Buds N1,Beige,5.3,40,3.9,1000,11990,34990,66,fastest delivery,free delivery
Oneplus,Buds 4,Gray,5.3,45,4.3,3000,56990,64990,12,fastest delivery,free delivery
boAt,Airdopes 141 Elite ANC 2025,Green,5.3,42,3.8,300,12990,59900,78,fastest delivery,free delivery
boAt,Airdopes Ultra Plus,Blue,5.3,50,4.0,200,7990,49900,84,fastest delivery,free delivery
Sennheiser,Momentum,Unknown,5.3,28,3.5,0,126990,249900,49,fastest delivery,free delivery
Bose,New Quietcomfort Ultra Wireless Noise Cancelling,Black,5.3,49,3.7,50,199900,259000,23,fastest delivery,free delivery
boAt,Airdopes 800,Black,5.3,49,4.0,0,13990,64900,78,fastest delivery,free delivery
Samsung,Galaxy Buds3 FE Black,Black,5.3,49,3.4,50,129990,149990,13,fastest delivery,free delivery
Noise,Air Clips Wireless Open Ear Earbuds,Black,5.4,40,3.4,500,19990,39990,50,fastest delivery,free delivery
boAt,Airdopes 121 Pro Plus,Black,5.3,100,3.7,1000,11990,49900,76,fastest delivery,free delivery
Skullcandy,Ink’D,Unknown,5.4,48,4.0,500,19990,1999000,80,fastest delivery,free delivery
Open,Ear Buds,Unknown,5.3,40,4.8,200,28990,2899000,42,fastest delivery,free delivery
boAt,Nirvana Zenith Pro 2025,Gold,5.3,80,4.0,500,26990,149900,82,fastest delivery,free delivery
TOZO,T6,Pink,5.3,3,3.9,0,19800,69990,72,fastest delivery,free delivery
BOULT,GOBOULT Formerly W20,Blue,5.3,40,3.9,0,7790,24990,69,fastest delivery,free delivery
JBL,Tune Beam 2 TWS,White,5.3,48,3.8,100,54980,89990,39,fastest delivery,free delivery
JBL,Live Beam 3 TWS,Black,5.3,48,3.9,0,99980,249990,60,fastest delivery,free delivery
JBL,Live Buds 3 TWS,Blue,5.3,40,3.9,0,79980,249990,68,Unknown,free delivery
BOULT,GOBOULT Formerly Z60 Made,Blue,5.3,60,3.8,2000,7990,29990,73,fastest delivery,free delivery
BOULT,GOBOULT Formerly Z60 Made,Blue,5.3,60,3.8,2000,7990,29990,73,fastest delivery,free delivery
BOULT,GOBOULT Formerly W20,Black,5.3,40,3.9,500,7990,24990,68,fastest delivery,free delivery
Noise,Buds N1,Forest Green,5.3,40,3.9,1000,11990,34990,66,fastest delivery,free delivery
Truke,Buds Elite,Black,5.4,70,4.0,4000,5990,599000,74,fastest delivery,free delivery
Noise,Buds VS501,Forest Green,5.3,50,3.1,200,7990,29990,73,fastest delivery,free delivery
boAt,Airdopes 91,Active Black,5.3,45,3.4,500,7990,49900,84,fastest delivery,free delivery
BOULT,GOBOULT Formerly Astra Neo,Black,5.4,70,4.1,2000,9990,34990,71,fastest delivery,free delivery
Oneplus,Bullets Z2,Black,5.3,20,4.1,8000,15990,22990,30,fastest delivery,free delivery
Portronics,Harmonics Twins S16,Black,5.3,24,3.9,500,6990,19990,65,fastest delivery,free delivery
MIVI,SuperPods Immersio[Flagship ] | Dolby Audio,Unknown,5.4,60,3.6,1000,19990,64990,69,fastest delivery,free delivery
Realme,Buds Air 7,Purple,5.4,52,4.3,700,27990,49990,44,fastest delivery,free delivery
JBL,Live Buds 3 TWS,Blue,5.3,40,3.9,0,79980,249990,68,Unknown,free delivery
boAt,Airdopes 121 Pro Plus,Black,5.3,100,3.7,1000,11990,49900,76,fastest delivery,free delivery
Noise,Pure Pods Wireless Open Ear Earbuds,Black,5.3,80,3.4,0,29990,69990,57,fastest delivery,free delivery
Open,Ear Buds,Unknown,5.3,40,4.8,200,28990,2899000,42,fastest delivery,free delivery
boAt,Nirvana Space,Blue,5.3,100,4.0,200,24990,84990,71,fastest delivery,free delivery
Philips,TAT1108BK/00,Black,5.3,15,4.6,0,19490,35990,46,fastest delivery,free delivery
Soundcore,R50I NC by Anker Noise Cancelling,Unknown,5.4,45,4.0,0,14990,55980,73,fastest delivery,free delivery
Noise,Buds VS404,White,5.3,50,4.0,500,9990,34990,71,fastest delivery,free delivery
Sony,WF-C710NSA | Dual Noise Cancellation Wireless,Black,5.3,40,3.8,200,74900,129900,42,fastest delivery,free delivery
Sennheiser,ACCENTUM Open,Black,5.3,28,3.8,0,79890,7989000,38,fastest delivery,free delivery
JBL,Tune Flex 2 TWS,Black,5.3,48,3.6,50,59980,99990,40,fastest delivery,free delivery
Hammer,Aura 32dB ANC,Beige,6.0,50,3.9,100,9990,24990,60,fastest delivery,free delivery
BOULT,GOBOULT Formerly W20,Green,5.3,35,3.9,400,7990,24990,68,fastest delivery,free delivery
pTron,Bassbuds Gomax in-Ear,Green,5.3,36,2.8,300,5980,28990,79,fastest delivery,free delivery
Hoppup,Xo6 Gaming Earbuds,Black,5.3,50,3.9,0,8990,49990,82,fastest delivery,free delivery
Philips,TAT1108BK/00,Black,5.3,15,4.6,0,19490,35990,46,fastest delivery,free delivery
JBL,Tune Beam 2 TWS,White,5.3,48,3.8,100,54980,89990,39,fastest delivery,free delivery
JBL,Tune Flex 2 TWS,Black,5.3,48,3.6,50,59980,99990,40,fastest delivery,free delivery
boAt,Airdopes 800,Black,5.3,49,4.0,0,13990,64900,78,fastest delivery,free delivery
Noise,Buds VS501,Forest Green,5.3,50,3.1,200,7990,29990,73,fastest delivery,free delivery
boAt,Airdopes 91,Active Black,5.3,45,3.4,500,7990,49900,84,fastest delivery,free delivery
Portronics,Harmonics Twins S16,Black,5.3,24,3.9,500,6990,19990,65,fastest delivery,free delivery
Truke,[2025] Mega 7,Brown,5.3,60,4.3,1000,9990,34990,71,fastest delivery,free delivery
Skullcandy,Ink’D,Unknown,5.4,48,4.0,500,19990,1999000,80,fastest delivery,free delivery
boAt,Airdopes 121 Pro Plus,Black,5.3,100,3.7,1000,11990,49900,76,fastest delivery,free delivery
Earfun,Air Pro 4 Hybrid Adaptive Noise Canceling Wireless Earbuds,Black,5.4,4,4.4,0,72980,104980,30,fastest delivery,free delivery
Noise,Aura Buds,Black,5.3,60,3.9,400,14990,44990,67,fastest delivery,free delivery
Noise,Buds VS404,White,5.3,50,4.0,500,9990,34990,71,fastest delivery,free delivery
Sony,WF-C510 Wireless,Black,5.3,22,3.9,500,41490,89900,54,fastest delivery,free delivery
Crossbeats,Arc Buds OWS Open Ear Wireless Earbuds | Spatial Audio Headphones & Head Tracking | Gaming,Black,5.3,100,3.9,200,39990,99990,60,fastest delivery,free delivery
Sony,WF-C700N Noise Cancellation,Black,5.3,20,3.9,100,64900,129900,50,fastest delivery,free delivery
Skullcandy,Ink’D,Unknown,5.4,48,4.0,500,19990,1999000,80,fastest delivery,free delivery
Hp,H150 Wireless Earbuds,Black,5.3,49,3.3,300,9050,24990,64,fastest delivery,free delivery
Amazon,basics,White,5.3,60,3.6,200,7210,24990,71,fastest delivery,free delivery
Amazon,basics,Blue,5.3,50,3.5,0,9190,24990,63,fastest delivery,free delivery
pTron,Tangent Rush w/ 50Hrs Playtime,Green,5.4,50,3.6,50,4990,17990,72,fastest delivery,free delivery
pTron,Bassbuds Revv in-Ear,Jet Black,5.3,28,2.8,100,5980,45990,87,fastest delivery,free delivery
Skullcandy,Ink’D,Unknown,5.4,48,4.0,500,19990,1999000,80,fastest delivery,free delivery
boAt,Airdopes 91,Active Black,5.3,45,3.4,500,7990,49900,84,fastest delivery,free delivery
boAt,Nirvana Zenith Pro 2025,Gold,5.3,80,4.0,500,26990,149900,82,fastest delivery,free delivery
Sony,WF-C700N Noise Cancellation,Black,5.3,20,3.9,100,64900,129900,50,fastest delivery,free delivery
boAt,Airdopes 111v2,White,2.0,50,3.9,300,10990,49900,78,fastest delivery,free delivery
Noise,Master Buds,Unknown,5.3,44,3.9,500,65980,79990,18,fastest delivery,free delivery
Acwo,Dwots Sense OWS Wireless Over Ear Earphones|Situational Awareness|15Mm Titanium Drivers|65 Hours Playback|BT V5.4|Secure Fit|4 Mics,Silver,5.4,65,3.9,300,20990,69990,70,fastest delivery,free delivery
Portronics,Harmonics Twins S18,White,5.3,30,4.0,400,7190,19990,64,fastest delivery,free delivery
Skullcandy,Ink’D,Unknown,5.4,48,4.0,500,19990,1999000,80,fastest delivery,free delivery
boAt,Airdopes 121 Pro Plus,Black,5.3,100,3.7,1000,11990,49900,76,fastest delivery,free delivery
MIVI,DuoPods i2,Unknown,5.3,45,3.7,500,7990,29990,73,fastest delivery,free delivery
Hp,H150 Wireless Earbuds,Black,5.3,49,3.3,300,9050,24990,64,fastest delivery,free delivery
boAt,Nirvana Ivy,Black,5.3,49,3.8,400,24990,179900,86,fastest delivery,free delivery
Noise,Buds Verve 2 in-Ear,Beige,5.3,50,3.8,300,10990,39990,73,fastest delivery,free delivery
Sennheiser,MOMENTUM,Black,5.3,30,4.3,0,199890,299900,33,fastest delivery,free delivery
boAt,Nirvana Crystl,Red,5.3,100,4.0,200,19990,109900,82,fastest delivery,free delivery
TOZO,T6,Pink,5.3,3,3.9,0,19800,69990,72,fastest delivery,free delivery
Tagry,Wireless Sports Earbuds,Unknown,5.3,48,4.4,0,33990,33990,38,fastest delivery,free delivery
Amazon,basics,Blue,5.3,50,3.8,0,6560,24990,74,fastest delivery,free delivery
Honeywell,Moxie V1200,Black,1.0,26,3.7,0,9990,42990,77,fastest delivery,free delivery
Noise,Buds Trance in-Ear,White,5.3,45,4.0,500,9990,24990,60,fastest delivery,free delivery
Truke,Buds F1 Ultra,Black,5.3,60,3.8,700,7990,29990,73,fastest delivery,free delivery
Amazon,basics,White,5.3,60,3.6,200,7210,24990,71,fastest delivery,free delivery
BOULT,GOBOULT Formerly Astra,White,5.3,48,4.1,500,10990,34990,69,fastest delivery,free delivery
Realme,Buds Air 7,Purple,5.4,52,4.3,700,27990,49990,44,fastest delivery,free delivery
Truke,Buds Infinity Open Ear Wireless Earbuds,Jet Black,5.3,70,3.9,500,14990,39990,63,fastest delivery,free delivery
Sennheiser,MOMENTUM,Black,5.3,30,4.3,0,199890,299900,33,fastest delivery,free delivery
BOULT,GOBOULT Formerly Made,Ice Blue,5.3,50,3.9,300,7990,24990,68,fastest delivery,free delivery
Skullcandy,Dime Evo Wireless,Unknown,5.3,36,4.0,0,39990,199990,80,fastest delivery,free delivery
Nu,Republic Cyberstud X8,Silver,5.3,56,3.8,200,8990,29990,70,fastest delivery,free delivery
boAt,Airdopes 121 Pro Plus,Black,5.3,100,3.7,1000,11990,49900,76,fastest delivery,free delivery
Noise,Pure Pods Wireless Open Ear Earbuds,Black,5.3,80,3.4,0,29990,69990,57,fastest delivery,free delivery
Leaf,Buds X121,Carbon Black,5.4,30,4.1,0,8990,24990,64,fastest delivery,free delivery
boAt,Airdopes Beat,Black,5.3,35,5.0,50,11490,39900,71,fastest delivery,free delivery
Philips,TAT1209WT/00,White,5.3,18,4.0,0,14490,29990,52,fastest delivery,free delivery
Kratos,Wireless Earbuds,Unknown,5.3,49,2.8,0,51736,34990,85,fastest delivery,free delivery
pTron,Bassbuds GoMax In-Ear,Green,5.3,36,3.6,0,6990,28990,76,fastest delivery,free delivery
JBL,Tune Flex,Black,5.2,32,3.2,0,44990,89990,50,fastest delivery,free delivery
Noise,Buds N1 Pro,Purple,5.3,60,3.8,500,15990,49990,68,fastest delivery,free delivery
Bose,New QuietComfort Wireless Noise Cancelling Earbuds,White,5.3,5,3.8,0,129900,169000,23,fastest delivery,free delivery
Noise,Buds VS104,Green,5.2,45,3.8,2000,7990,34990,77,fastest delivery,free delivery
BOULT,GOBOULT Formerly Z40 Pro,Unknown,5.3,100,3.8,1000,11990,54990,78,fastest delivery,free delivery
Truke,Mega 9,Unknown,5.3,70,4.1,900,9990,39990,75,fastest delivery,free delivery
Truke,Aura Pro,Unknown,5.3,60,4.1,400,8990,899000,68,fastest delivery,free delivery
BOULT,GOBOULT Formerly Mustang Derby,Unknown,5.4,100,3.9,400,12990,59990,78,fastest delivery,free delivery
Samsung,Galaxy,Silver,5.3,37,4.1,200,143790,249990,42,fastest delivery,free delivery
Truke,Buds F1 Ultra,Black,5.3,60,3.8,700,7990,29990,73,fastest delivery,free delivery
Skullcandy,Dime 3,Black,5.3,49,3.3,0,24890,2489000,75,fastest delivery,free delivery
JBL,Tune Flex,Black,5.2,32,3.2,0,44990,89990,50,fastest delivery,free delivery
Truke,Buds Infinity Open Ear Wireless Earbuds,Jet Black,5.3,70,3.9,500,14990,39990,63,fastest delivery,free delivery
BOULT,GOBOULT Formerly Astra,Unknown,5.3,48,4.1,500,10990,34990,69,fastest delivery,free delivery
pTron,Bassbuds Zen,Black,6.0,55,4.5,0,8990,28990,69,fastest delivery,free delivery
Skullcandy,Ink’D,Unknown,5.4,48,4.0,500,19990,1999000,80,fastest delivery,free delivery
boAt,Airdopes 121 Pro Plus,Black,5.3,100,3.7,1000,11990,49900,76,fastest delivery,free delivery
Truke,BTG Ultra,Unknown,5.4,60,3.9,300,7990,29990,73,fastest delivery,free delivery
Leaf,Buds X121,Carbon Black,5.4,30,4.1,0,8990,24990,64,fastest delivery,free delivery
Truke,Mega 9,Unknown,5.3,70,4.1,700,9990,39990,75,fastest delivery,free delivery
Wecool,Moonwalk M1 Pro Open Ear Earbuds Wireless,Unknown,5.4,60,4.0,300,18990,1899000,68,fastest delivery,free delivery
boAt,Airdopes Beat,Black,5.3,35,5.0,50,11490,39900,71,fastest delivery,free delivery
Truke,Crystal Bass,Black,5.4,70,3.9,700,7990,29990,73,fastest delivery,free delivery
Truke,Buds Aura,Unknown,5.4,70,3.8,200,7990,27990,71,fastest delivery,free delivery
BOULT,GOBOULT Formerly Klarity 4 ANC in-Ear,Jet Black,5.3,60,4.3,200,9990,34990,71,fastest delivery,free delivery
BOULT,GOBOULT Formerly Z20 Pro Made,Blue,5.3,60,4.0,1000,9990,59990,83,fastest delivery,free delivery
Truke,BTG Ultra,Unknown,5.4,60,3.9,300,7990,29990,73,fastest delivery,free delivery
Hoppup,Predator Xo7 Gaming Earbuds,Black,5.3,49,3.3,0,8990,899000,82,fastest delivery,free delivery
Hoppup,Predator Xo3 Gaming Earbuds,Black,5.3,50,3.8,0,7970,49990,84,fastest delivery,free delivery
Samsung,Galaxy,Silver,5.3,37,4.1,200,143790,249990,42,fastest delivery,free delivery
Wecool,Moonwalk M1 Pro Open Ear Earbuds Wireless,Unknown,5.4,60,4.0,300,18990,1899000,68,fastest delivery,free delivery
Truke,Buds F1 Ultra,Black,5.3,60,3.8,700,7990,29990,73,fastest delivery,free delivery
pTron,Bassbuds Zen,Black,6.0,55,4.5,0,8990,28990,69,fastest delivery,free delivery
Truke,Crystal Bass,Black,5.4,70,3.9,700,7990,29990,73,fastest delivery,free delivery
Hammer,Airflow Plus,Green,5.1,23,4.1,200,6990,49990,86,fastest delivery,free delivery
Acwo,Dwots 121 Wireless,Unknown,5.4,55,4.2,0,9490,35990,74,fastest delivery,free delivery
Truke,Buds Aura,Unknown,5.4,70,3.8,200,7990,27990,71,fastest delivery,free delivery
Skullcandy,Ink’D,Unknown,5.4,48,4.0,500,19990,1999000,80,fastest delivery,free delivery
boAt,Airdopes 121 Pro Plus,Black,5.3,100,3.7,1000,11990,49900,76,fastest delivery,free delivery
Soundcore,V20I By Anker Open Ear Headphones,Unknown,2.0,36,4.1,0,19990,78990,75,fastest delivery,free delivery
Truke,Mega 8,Unknown,5.3,70,4.3,300,10990,1099000,73,fastest delivery,free delivery
MIVI,DuoPods i7,Unknown,5.3,49,3.7,50,9990,49990,80,fastest delivery,free delivery
Amazon,Basics,Black,5.4,36,3.9,500,6990,14990,53,fastest delivery,free delivery
Portronics,Harmonics Twins 31 Over Ear OWS Smart Wireless Earbuds,Beige,5.4,24,3.8,0,13790,29990,54,fastest delivery,free delivery
BOULT,GOBOULT Formerly Klarity 1,Black,5.4,80,3.6,0,8990,34990,74,fastest delivery,free delivery
Truke,Crystal Dyno Leather Finish,Unknown,5.3,70,4.1,500,8990,29990,70,fastest delivery,free delivery
Truke,BTG Ultra,Unknown,5.4,60,3.9,300,7990,29990,73,fastest delivery,free delivery
Amazon,basics,White,5.3,50,3.5,0,7670,24990,69,fastest delivery,free delivery
Dubstep,Buzz X11 Wireless Earbuds,Black,5.3,60,3.8,50,6990,59990,88,fastest delivery,free delivery
TOZO,T6,White,5.3,3,3.9,0,17300,79990,78,fastest delivery,free delivery
pTron,Tangent Rush w/ 50Hrs Playtime,Black,5.4,50,3.6,100,4990,17990,72,fastest delivery,free delivery
MIVI,DuoPods i7,Unknown,5.3,49,3.7,50,9990,49990,80,fastest delivery,free delivery
Portronics,Harmonics Twins S3 Smart,White,5.2,20,3.9,100,6990,19990,65,fastest delivery,free delivery
boAt,Nirvana X,Blue,5.3,49,3.9,0,29990,89900,67,fastest delivery,free delivery
Skullcandy,Push ANC Active,Black,5.3,58,3.9,0,89990,349990,74,fastest delivery,free delivery
Beats,Studio Buds - Wireless,White,5.3,8,3.9,0,159000,44990,67,fastest delivery,free delivery
JBL,Wave Flex 2 in-Ear Wireless Earbuds TWS,Black,5.3,40,3.4,200,32980,59990,45,fastest delivery,free delivery
Probuds,N32 Wireless,Black,5.3,49,4.2,0,12560,29990,58,fastest delivery,free delivery
Truke,Aura Pro,Unknown,5.3,60,4.1,400,8990,899000,68,fastest delivery,free delivery
Soundcore,by Anker R50i VI,Unknown,5.3,30,4.1,0,8990,29980,70,fastest delivery,free delivery
Amazon,basics,White,5.3,80,3.4,100,7430,29990,75,fastest delivery,free delivery
Soundcore,Sport X10,Unknown,5.3,49,4.0,0,44990,159980,72,fastest delivery,free delivery
Acwo,Dwots 121 Wireless,Unknown,5.4,55,4.2,0,9490,35990,74,fastest delivery,free delivery
pTron,Bassbuds GoMax In-Ear,Green,5.3,36,3.6,0,6990,28990,76,fastest delivery,free delivery
Noise,Buds VS601 in-Ear,Green,5.3,50,3.6,50,9990,39990,75,fastest delivery,free delivery
Blaupunkt,BTW300 Xtreme,Black,1.0,150,4.1,0,13980,59990,77,fastest delivery,free delivery
Hammer,Airflow Plus,Green,5.1,23,4.1,200,6990,49990,86,fastest delivery,free delivery
Sounce,Earphone Case Cover Compatible for GOBOULT Z40,Black,5.3,49,3.8,0,2090,4990,58,fastest delivery,free delivery
Truefree,C10 Wireless Earbuds,Unknown,5.4,28,4.4,0,580042,95940,40,Unknown,free delivery
Amazon,basics,Grey,5.3,80,3.6,0,8080,24990,68,fastest delivery,free delivery
Amazon,Basics,Black,5.4,36,3.9,500,6990,14990,53,fastest delivery,free delivery
Truke,Mega 8,Unknown,5.3,70,4.3,200,10990,1099000,73,fastest delivery,free delivery
Truke,BTG Crystal,White,5.4,68,3.6,0,8990,34990,74,fastest delivery,free delivery
Truke,Crystal Dyno Leather Finish,Unknown,5.3,70,4.1,500,8990,29990,70,fastest delivery,free delivery
Blaupunkt,BTW300 BASS Buds,Black,5.3,40,4.0,50,12990,39990,68,fastest delivery,free delivery
Realme,Buds Wireless 3,Black,5.3,40,4.2,100,9990,44990,67,Unknown,Unknown
Truke,Mega 10,Jet Black,5.3,70,4.0,300,10990,1099000,76,fastest delivery,free delivery
Skullcandy,Smokin Buds XT Wireless,Red,5.3,20,3.4,0,21990,99990,78,fastest delivery,free delivery
Wireless,Earbud,Unknown,5.3,50,4.5,200,27990,2799000,44,fastest delivery,free delivery
Noise,Buds Connect 2,Green,5.3,50,3.8,50,9990,39990,75,Unknown,free delivery
boAt,Immortal 121,White,5.3,40,3.8,0,9990,34990,71,fastest delivery,free delivery
Truke,Mega 10,Royal Blue,5.3,70,4.0,400,10990,1099000,76,fastest delivery,free delivery
Hoppup,Xo6 Gaming Earbuds,Red,5.3,50,3.9,0,7890,49990,84,fastest delivery,free delivery
Truke,Air Buds Lite,Black,5.1,10,3.6,50,6290,29990,79,fastest delivery,free delivery
Cmf,BY NOTHING Buds Pro Light Grey,Grey,5.3,39,4.0,0,39900,44990,11,Unknown,free delivery
boAt,Airdopes 191 ANC,White,5.3,60,3.5,200,12990,69900,81,fastest delivery,free delivery
Portronics,Harmonics Twins 31 Over Ear OWS Smart Wireless Earbuds,Beige,5.4,24,3.8,0,13790,29990,54,fastest delivery,free delivery
Apex,S1,Black,5.3,100,4.8,50,8990,69990,87,fastest delivery,free delivery
Blaupunkt,BTW100 LITE,Black,5.3,30,3.7,100,6990,699000,80,fastest delivery,free delivery
boAt,Airdopes Ultra Pro,Black,5.3,100,3.8,0,17190,69900,75,Unknown,free delivery
Amazon,Basics,Black,5.3,50,3.4,0,6570,24990,74,fastest delivery,free delivery
Amazon,basics,Black,5.3,60,3.4,0,6920,24990,72,Unknown,free delivery
Amazon,basics,Black,5.3,50,3.5,0,8990,24990,64,fastest delivery,free delivery
Acwo,DwOTS Fire India's First in-Ear + Half-in-in Ear Earbuds,Silver,5.3,49,3.7,100,19040,79990,76,fastest delivery,free delivery
Gm,True Wireless Earbuds for Uncut Sound,White,5.3,49,4.3,0,16990,39990,58,fastest delivery,free delivery
Tagry,Bluetooth Earbuds 5.4 40hrs Playtime Wireless Charging Case Digital Display Sport Ear Buds,Unknown,5.3,40,4.4,0,39990,3999000,27,fastest delivery,free delivery
Blaupunkt,BTW300 BASS Buds,Black,5.3,40,4.0,50,12990,39990,68,fastest delivery,free delivery
pTron,Bassbuds Neo,Grey,5.3,35,3.5,0,5990,31990,81,fastest delivery,free delivery
boAt,Immortal 121,White,5.3,40,3.8,0,9990,34990,71,fastest delivery,free delivery
Jlab,Go Pods ANC Earbuds - Hybrid Active Noise Cancelling,Unknown,5.3,49,4.1,0,24990,2499000,46,fastest delivery,free delivery
MIVI,SuperPods Halo [Flagship ],Unknown,5.4,60,3.9,0,14990,74990,80,fastest delivery,free delivery
Amazon,basics,Blue,5.3,50,3.8,0,6560,24990,74,fastest delivery,free delivery
Sony,WF-1000XM5 Active Noise Cancelling Wireless,Black,5.3,36,3.8,100,220680,299900,26,fastest delivery,free delivery
Dudao,U4A Open-Ear Wireless Earbud Earhook Design 24H Battery Long Battery Life,Black,5.3,24,3.4,0,5990,29990,80,Unknown,free delivery
TOZO,T6 Ergonomic Edition Wireless Earbuds,Unknown,5.3,3,3.9,0,23900,45980,48,fastest delivery,free delivery
Bose,Ultra Wireless Open Earbuds,Blue,5.3,48,3.4,0,189990,259000,27,fastest delivery,free delivery
pTron,Bassbuds Blaze in-Ear,Black,5.4,50,3.7,300,6990,31990,78,fastest delivery,free delivery
boAt,Airdopes 301,Unknown,5.3,75,3.8,0,9990,49900,80,fastest delivery,free delivery
boAt,Airdopes 170,Blue,5.3,50,3.8,0,14990,44900,67,fastest delivery,free delivery
Life,Like U36 Fast Charge,Blue,5.3,49,3.9,0,6250,14990,58,fastest delivery,free delivery
Soundcore,K20i by Anker,Unknown,5.3,36,3.6,0,6990,55980,88,fastest delivery,free delivery
ZEBRONICS,Sound Bomb 7,Blue,5.2,60,3.8,100,6990,42990,84,fastest delivery,free delivery
M88,Unknown,Unknown,5.3,60,3.9,0,8990,49990,82,fastest delivery,free delivery
boAt,Airdopes Plus 311,Charcoal Black,5.3,50,3.8,5000,7990,39900,80,fastest delivery,free delivery
Itel,Rhythm Pro,Blue,5.3,100,1.0,0,7788,172683,74,fastest delivery,free delivery
Truke,Buds Aura,Blue,5.4,70,3.8,100,6990,27990,75,fastest delivery,free delivery
Hoppup,Predator Xo3 Gaming Earbuds,White,5.3,50,3.8,0,7970,49990,84,fastest delivery,free delivery
M88,Unknown,Unknown,5.3,60,3.9,0,8990,49990,82,fastest delivery,free delivery
Dubstep,Buzz X6 Upto 54hrs Playtime|13mm Neodymium Driver| XBass® Technology|TWS Ear Buds Wireless Earphones,Blue,5.3,54,4.5,0,6990,29990,77,fastest delivery,free delivery
Number,Navo Buds X1 w/ 50H Playtime,Grey,5.3,50,3.6,50,5990,39990,85,fastest delivery,free delivery
boAt,Airdopes 170,Blue,5.3,50,3.8,0,14990,44900,67,fastest delivery,free delivery
Noise,Buds VS402,White,5.3,50,3.8,50,10990,39990,73,fastest delivery,free delivery
Jlab,Go Pods ANC Earbuds - Hybrid Active Noise Cancelling,Unknown,5.3,49,4.1,0,24990,2499000,46,fastest delivery,free delivery
Shokz,OpenMove,Blue,5.3,6,4.2,0,99990,149990,33,fastest delivery,free delivery
Skullcandy,EcoBuds,Unknown,5.3,8,3.7,50,19990,39990,50,fastest delivery,free delivery
Hoppup,Predator Xo4 Gaming,White,5.3,50,3.8,0,7990,49990,84,fastest delivery,free delivery
Kratos,Cube Ear Buds Wireless,Unknown,5.3,30,3.9,0,4990,29990,83,Unknown,free delivery
Tagry,Bluetooth Earbuds 5.4 40hrs Playtime Wireless Charging Case Digital Display Sport Ear Buds,Unknown,5.3,40,4.4,0,39990,3999000,27,fastest delivery,free delivery
Crossbeats,Sonic 3,Black,5.3,100,4.0,50,14990,69990,79,fastest delivery,free delivery
Sennheiser,Momentum,Black,5.3,28,3.3,0,249900,44990,67,fastest delivery,free delivery
pTron,Basspods P81 in-Ear Wireless Earbuds,Brown,5.1,32,3.9,0,5990,25990,77,fastest delivery,free delivery
Crossbeats,Fury Max Gaming,Black,5.4,100,4.7,0,22990,59990,62,fastest delivery,free delivery
ZEBRONICS,Sound Bomb 7,Blue,5.2,60,3.8,100,6990,42990,84,fastest delivery,free delivery
pTron,Bassbuds NX in-Ear,Black,5.3,32,2.8,50,5980,25990,77,fastest delivery,free delivery
Philips,Audio TAT1179BK/94,Black,5.3,45,3.1,0,9990,32990,70,fastest delivery,free delivery
Leaf,Buds X121,Carbon Black,5.4,30,4.1,0,8990,24990,64,fastest delivery,free delivery
Amazon,basics,Green,5.3,70,3.8,50,7110,24990,72,fastest delivery,free delivery
Hoppup,Predator Xo3 Gaming Earbuds,Yellow,5.3,50,3.8,0,7890,49990,84,fastest delivery,free delivery
TOZO,T10,White,5.3,49,3.8,0,16900,38990,57,fastest delivery,free delivery
Truke,BTG Beta,Black,5.3,38,3.4,0,5990,24990,76,fastest delivery,free delivery
Truke,Mega 10,Royal Blue,5.3,70,4.0,400,10990,1099000,76,fastest delivery,free delivery
Realme,Buds Wireless 3,Black,5.3,40,4.2,100,9990,44990,67,Unknown,Unknown
Truke,New  Q1 Lite,Gold,5.4,48,3.6,0,6990,24990,72,fastest delivery,free delivery
Buds,Q1 Lite,Red,5.4,48,5.0,0,8790,49990,82,fastest delivery,free delivery
(Refurbished),Unknown,Cream,5.3,28,5.0,0,55920,5592000,30,fastest delivery,free delivery
Hammer,Aura 32dB ANC,Beige,6.0,50,3.9,100,9990,24990,60,fastest delivery,free delivery
Realme,Buds Wireless 3 Neo,Green,5.4,32,4.2,1000,10990,24990,56,Unknown,free delivery
TOZO,T6,Gold,5.3,3,3.9,0,16200,99990,84,fastest delivery,free delivery
Kratos,N4,Unknown,5.3,52,3.9,200,4990,19990,75,fastest delivery,free delivery
Plus,50,Black,5.4,40,5.0,0,11260,49990,77,fastest delivery,free delivery
pTron,Bassbuds Xtreme,Grey,5.3,32,3.0,0,7990,45990,83,fastest delivery,free delivery
Levin,Storm,Unknown,5.3,32,3.6,0,11990,69990,83,fastest delivery,free delivery
Shine,Pro,White,5.3,50,5.0,0,8790,49990,82,fastest delivery,free delivery
Philips,Audio TAT1179BK/94,Black,5.3,45,3.1,0,9990,32990,70,fastest delivery,free delivery
Acwo,Dwots 737 Wireless,White,5.4,70,3.9,0,12990,59990,78,fastest delivery,free delivery
boAt,Airdopes 170,Blue,5.3,50,3.8,0,14990,44900,67,fastest delivery,free delivery
boAt,Airdopes 181 in-Ear,Grey,5.2,20,3.8,0,9990,44990,67,Unknown,Unknown
boAt,Airdopes Plus 311,Black,5.3,50,3.8,2000,7990,39900,80,fastest delivery,free delivery
Philips,TAT1050BK/94,Black,5.3,50,3.6,0,15990,28990,45,fastest delivery,free delivery
Itel,Rhythm Pro,Green,5.3,100,3.9,0,85345,189235,72,Unknown,free delivery
pTron,Bassbuds Rogue W/ 40Ms Low-Latency Gaming,Blue,5.3,50,4.0,1000,5990,22990,74,fastest delivery,free delivery
Gen,PODS Touch,Black,5.4,40,4.0,0,25970,99990,74,fastest delivery,free delivery
Honeywell,Suono P2100,Unknown,5.3,50,3.7,0,16990,45990,63,fastest delivery,free delivery
boAt,Airdopes 458,Active Black,5.3,30,3.3,0,9990,49900,80,fastest delivery,free delivery
Sounce,Earphone Case Cover Compatible for Boult Audio UFO,Black,5.3,49,3.9,100,1790,179000,40,fastest delivery,free delivery
Nord,Buds 3,Blue,5.3,50,5.0,0,8990,49990,82,fastest delivery,free delivery
Ubon,Topper J23,Black,5.3,40,3.4,0,7990,24990,68,fastest delivery,free delivery
boAt,Airdopes Plus 318,Blue,5.3,100,2.7,0,9990,49900,80,fastest delivery,free delivery
161,Unknown,Green,5.3,40,5.0,0,8990,49990,82,fastest delivery,free delivery
Hoppup,Predator Xo4 Gaming,Black,5.3,50,3.8,0,7990,49990,84,fastest delivery,free delivery
Skullcandy,Smokin Buds XT Wireless,Black,5.3,20,3.4,0,21990,99990,78,fastest delivery,free delivery
Yw13,Unknown,Black,5.4,45,5.0,0,24990,99990,75,fastest delivery,free delivery
Fingers,SizeZero Pods2 World's Tiniest,Unknown,5.3,49,3.8,0,13490,24990,46,fastest delivery,free delivery
ZEBRONICS,in-Ear Wireless Earbuds,Black,6.0,27,3.9,0,14990,1499000,75,fastest delivery,free delivery
Life,Like U37 Fast Charge,Blue,5.3,49,3.9,0,6250,14990,58,fastest delivery,free delivery
Truke,Mega 10,Royal Blue,5.3,70,4.0,400,10990,1099000,76,fastest delivery,free delivery
Acwo,Fire Prime,Black,5.4,80,3.4,0,34990,114990,70,fastest delivery,free delivery
pTron,Bassbuds Xtreme,Grey,5.3,32,3.0,0,7990,45990,83,fastest delivery,free delivery
Acwo,Dwots 737 Wireless,White,5.4,70,3.9,0,12990,59990,78,fastest delivery,free delivery
Amazon,basics,Blue,5.3,50,3.6,0,7660,24990,69,fastest delivery,free delivery
Leaf,Buds X121,White,5.4,30,4.1,0,8990,24990,64,fastest delivery,free delivery
Noise,Buds Trance in-Ear,Blue,5.3,45,4.0,1000,9990,24990,60,fastest delivery,free delivery
Noise,Buds VS104,White,5.2,45,3.8,500,7990,34990,77,fastest delivery,free delivery
pTron,Bassbuds Xtreme,Grey,5.3,32,3.0,0,7990,45990,83,fastest delivery,free delivery
Buds,Q1 Lite,Red,5.4,48,5.0,0,8790,49990,82,fastest delivery,free delivery
(Refurbished),Unknown,Green,5.3,30,3.3,0,9990,44990,67,Unknown,Unknown
Gen,PODS Touch,Black,5.4,40,4.0,0,25970,99990,74,fastest delivery,free delivery
Levin,Storm,Unknown,5.3,32,3.6,0,11990,69990,83,fastest delivery,free delivery
boAt,Airdopes 181 in-Ear,Grey,5.2,20,3.8,0,9990,44990,67,Unknown,Unknown
Soundcore,by Anker V30I Open-Ear Open Ear Headphones,Unknown,3.0,36,4.1,50,34990,99980,65,fastest delivery,free delivery
Honeywell,Suono P2100,Unknown,5.3,50,3.7,0,16990,45990,63,fastest delivery,free delivery
Noise,Air Buds 6 in-Ear,Grey,5.3,49,3.9,50,24990,34990,29,fastest delivery,free delivery
Amazon,basics,Unknown,5.3,50,3.6,0,7410,24990,70,fastest delivery,free delivery
Portronics,Twins 29 ANC in-ear,Beige,5.4,30,4.0,0,12490,29990,58,fastest delivery,free delivery
Sounce,Case Silicone Cover,Blue,5.3,49,4.0,0,990,2990,67,fastest delivery,free delivery
Ear,Spin,White,5.4,50,4.0,0,13890,49990,72,fastest delivery,free delivery
Beats,Studio Buds - Wireless,White,5.3,8,3.9,0,159000,44990,67,fastest delivery,free delivery
Gm,True Wireless Earbuds for Uncut Sound,White,5.3,49,4.3,0,16990,39990,58,fastest delivery,free delivery
Syvo,S40,Black,5.3,24,3.9,0,7990,39990,80,fastest delivery,free delivery
boAt,Airdopes 191 ANC,White,5.3,60,3.5,200,12990,69900,81,fastest delivery,free delivery
boAt,Airdopes Ultra Pro,Black,5.3,100,3.8,0,17190,69900,75,Unknown,free delivery
Amazon,Basics,Black,5.3,50,3.4,0,6570,24990,74,fastest delivery,free delivery
Amazon,basics,Green,5.3,80,3.5,50,6950,24990,72,fastest delivery,free delivery
Acwo,Dwots Fire India's First,White,5.3,49,3.7,50,19980,79990,75,fastest delivery,free delivery
Noise,Airwave Crest,Blue,5.4,50,3.7,300,11990,29990,60,fastest delivery,free delivery
Apple,AirPods 4 Wireless Earbuds,Unknown,5.3,49,4.0,500,169000,563333,6,fastest delivery,free delivery
GOBOLT,Formerly Boult  EQCharge,Jet Black,5.3,32,3.9,1000,7990,44990,82,fastest delivery,free delivery
Nord,Buds,Navy,5.3,35,5.0,0,8790,49990,82,fastest delivery,free delivery
Number,Super Buds GT M9 ANC 32db,Green,5.4,60,3.3,0,8990,74990,88,fastest delivery,free delivery
Redmi,Refurbished Buds 5,White,5.3,49,3.9,0,16790,395338,67,fastest delivery,free delivery
Mavo,Enterprise Earbuds,White,5.3,49,5.0,0,2990,2990,70,Unknown,free delivery
Plus,50,Black,5.4,40,5.0,0,11260,49990,77,fastest delivery,free delivery
(Refurbished),Unknown,Cream,5.3,28,5.0,0,55920,5592000,30,fastest delivery,free delivery
Dark,Beatz Bassbuds Spark in-Ear,Silver,5.3,40,2.9,0,8890,22990,61,Unknown,free delivery
Apex,S1,Black,5.3,100,4.8,50,8990,69990,87,fastest delivery,free delivery
Truke,BTG Beta,Black,5.3,38,3.4,0,5990,24990,76,fastest delivery,free delivery
Nord,Buds 3,Blue,5.3,50,5.0,0,8990,49990,82,fastest delivery,free delivery
boAt,Airdopes Plus 318,Blue,5.3,100,2.7,0,9990,49900,80,fastest delivery,free delivery
Ap,FASHION Earbuds Bluet ooth 5.3,Black,5.3,49,5.0,0,2990,2990,70,Unknown,free delivery
Gen,PODS Touch,Black,5.4,40,4.0,0,25970,99990,74,fastest delivery,free delivery
pTron,Basspods P681,Black,5.3,28,3.5,0,5990,31990,81,fastest delivery,free delivery
Itel,T11 Pro,Green,5.3,42,4.0,0,6990,29990,77,fastest delivery,free delivery
pTron,Basspods Tour,Blue,5.3,45,3.8,0,6990,31990,78,fastest delivery,free delivery
boAt,Airdopes Plus 311,Red,5.3,50,3.8,4000,7990,39900,80,fastest delivery,free delivery
Skullcandy,Dime Evo Wireless,Unknown,5.3,36,4.0,0,39990,199990,80,fastest delivery,free delivery
TOZO,T6,Pink,5.3,3,3.9,0,19800,69990,72,fastest delivery,free delivery
Hoppup,AirDoze F50 Earbuds,Navy,5.3,40,3.7,0,5990,599000,88,fastest delivery,free delivery
Sounce,Earphone Case Cover Compatible,Grey,5.3,49,3.7,0,1490,4990,70,fastest delivery,free delivery
Bouncefit,Sonic 144,Green,5.3,35,4.1,100,4970,29990,83,fastest delivery,free delivery
pTron,Zenbuds Nova w/ 40ms Low-Latency Gaming,Black,5.4,55,4.1,200,9990,39990,75,fastest delivery,free delivery
Gm,True Wireless Earbuds,White,5.3,49,4.4,0,12990,29990,57,fastest delivery,free delivery
(Refurbished),Unknown,White,5.3,49,2.7,0,9990,44990,67,Unknown,Unknown
Oneplus,Buds 3,Green,5.3,7,4.3,900,53990,64990,17,Unknown,free delivery
boAt,Airdopes 280 ANC,Active Black,5.3,60,3.6,400,12990,69900,81,fastest delivery,free delivery
Govo,GOBUDS 920,Black,5.3,30,3.6,0,269901,62990,57,fastest delivery,free delivery
Portronics,Harmonics Twins S16,Black,5.3,24,3.9,500,6990,19990,65,fastest delivery,free delivery
Portronics,Harmonics Twins S3 Smart,Black,5.2,20,3.9,500,6490,19990,68,Unknown,free delivery
pTron,Bassbuds NX in-Ear,Black,5.3,32,2.8,50,5980,25990,77,fastest delivery,free delivery
Honeywell,Moxie V1200,White,1.0,26,3.7,0,9990,42990,77,fastest delivery,free delivery
TOZO,T9,Black,5.3,49,4.2,0,14850,69990,79,fastest delivery,free delivery
Mate,90,Unknown,5.4,40,5.0,0,8990,49990,82,fastest delivery,free delivery
Nord,Buds,Navy,5.3,35,5.0,0,8790,49990,82,fastest delivery,free delivery
Amazon,basics,White,5.3,36,3.0,0,5490,24990,78,fastest delivery,free delivery
pTron,Basspods P81 in-Ear Wireless Earbuds,Brown,5.1,32,3.9,0,5990,25990,77,fastest delivery,free delivery
Redmi,Refurbished Buds 5,White,5.3,49,3.9,0,16790,395338,67,fastest delivery,free delivery
Noise,Airwave,Ice Blue,5.3,50,3.8,500,9990,24990,60,fastest delivery,free delivery
Amazon,basics,White,5.3,50,3.4,50,7390,24990,70,fastest delivery,free delivery
Hoppup,Predator Xo4 Gaming,Blue,5.3,50,3.8,0,7990,49990,84,fastest delivery,free delivery
Nu,Republic Cyberstud X8,Silver,5.3,56,3.8,200,8990,29990,70,fastest delivery,free delivery
Mate,90,Unknown,5.4,40,5.0,0,8990,49990,82,fastest delivery,free delivery
Hammer,Mini Pods,Black,5.3,20,2.9,0,6990,49990,86,fastest delivery,free delivery
Mate,70,Unknown,5.4,40,5.0,0,11660,49990,77,fastest delivery,free delivery
Honeywell,Moxie V1200,White,1.0,26,3.7,0,9990,42990,77,fastest delivery,free delivery
Skullcandy,EcoBuds,Unknown,5.3,8,3.7,50,19990,39990,50,fastest delivery,free delivery
Oneplus,Buds 3,Green,5.3,7,4.3,900,53990,64990,17,Unknown,free delivery
Govo,GOBUDS 920,Black,5.3,30,3.6,0,269901,62990,57,fastest delivery,free delivery
Nord,Buds,Navy,5.3,35,5.0,0,8790,49990,82,fastest delivery,free delivery
Skullcandy,Sesh ANC Active,Black,5.3,48,3.9,0,69990,6999000,77,fastest delivery,free delivery
Skullcandy,Push Play Active Wireless Earbuds,Black,5.3,34,3.9,0,59990,199990,70,fastest delivery,free delivery
Sounce,Earphone Case Cover Compatible for Boult Audio UFO,Black,5.3,49,3.9,100,1790,179000,40,fastest delivery,free delivery
Syvo,S40,Black,5.3,24,3.9,0,7990,39990,80,fastest delivery,free delivery
Bouncefit,Sonic 144,Green,5.3,35,4.1,100,4970,29990,83,fastest delivery,free delivery
Sounce,Earphone Case Cover Compatible,Blue,5.3,49,3.6,0,1490,9990,85,fastest delivery,free delivery
Acwo,Dwots New Version,Black,5.3,49,3.9,0,12740,14990,15,fastest delivery,free delivery
Spigen,Galaxy Buds Core/Buds FE Case,Black,5.3,49,4.4,50,8660,24990,65,fastest delivery,free delivery
TOZO,T9,Black,5.3,49,4.2,0,14850,69990,79,fastest delivery,free delivery
Wecool,Moonwalk M2 Bone Conduction Headphones,Unknown,5.3,49,3.6,200,24490,89990,73,fastest delivery,free delivery
Portronics,Harmonics Twins S16,Blue,5.3,24,3.9,0,6990,19990,65,fastest delivery,free delivery
Small,Bluetooth On Ear Headphones Wrap Around Head - Sports Wireless Headset,Black,5.3,49,3.5,0,19990,69990,71,Unknown,free delivery
Hoppup,AirDoze F50 Earbuds,Unknown,5.3,40,3.7,0,6990,699000,86,fastest delivery,free delivery
Philips,TAN1150BK/94 Wireless Neckband,Black,5.3,60,3.3,300,10490,19990,48,fastest delivery,free delivery
Wireless,Earbuds,Red,5.3,3,3.9,0,515186,231480,78,Unknown,free delivery
boAt,Airdopes 213,Black,5.3,50,3.9,50,9690,32900,71,fastest delivery,free delivery
Skullcandy,Ink’D,Unknown,5.4,48,4.0,500,19990,1999000,80,fastest delivery,free delivery
boAt,Airdopes 121 Pro Plus,Black,5.3,100,3.7,1000,11990,49900,76,fastest delivery,free delivery
Realme,Buds Wireless 5 ANC,Purple,5.3,38,3.8,1000,14990,27990,46,fastest delivery,free delivery
Kratos,N4,Unknown,5.3,52,3.9,2000,4990,14990,67,fastest delivery,free delivery
BOULT,GOBOULT Formerly Astra,Black,5.3,48,4.1,1000,10990,34990,69,fastest delivery,free delivery
Spigen,Audio  SA-TW P10,Black,5.3,30,3.5,0,33990,40990,17,fastest delivery,free delivery
Itel,T11 Pro,Green,5.3,42,4.0,0,6990,29990,77,fastest delivery,free delivery
Noise,Buds VS601,Silver,5.3,50,3.8,300,13990,39990,65,Unknown,free delivery
Truke,[2025] Mega 7,Brown,5.3,60,4.3,1000,9990,34990,71,fastest delivery,free delivery
Truke,Mega 9,Unknown,5.3,70,4.1,1000,9990,39990,75,fastest delivery,free delivery
BOULT,GOBOULT Formerly Astra,Unknown,5.3,48,4.1,500,10990,34990,69,fastest delivery,free delivery
Noise,Buds VS601,Green,5.3,50,3.8,400,13990,39990,65,fastest delivery,free delivery
Noise,Buds VS404,Jet Black,5.3,50,4.0,1000,9990,34990,71,fastest delivery,free delivery
Noise,Aura Buds,Blue,5.3,60,3.9,400,14990,44990,67,fastest delivery,free delivery
BOULT,GOBOULT Formerly Z40,White,5.3,60,3.8,0,9990,49990,80,fastest delivery,free delivery
BOULT,GOBOULT Formerly Astra Neo,White,5.4,70,4.1,1000,9990,34990,71,fastest delivery,free delivery
Noise,Buds VS601,Copper,5.3,50,3.8,1000,13990,39990,65,fastest delivery,free delivery
Spigen,Audio  SA-TW S10,Black,5.3,30,4.3,0,27990,34990,20,fastest delivery,free delivery
Noise,Aura Buds,White,5.3,60,3.9,0,14990,44990,67,fastest delivery,free delivery
Truke,BTG Flex,Black,5.4,60,3.8,50,7990,799000,77,fastest delivery,free delivery
Spellbound,TWS Wireless Earbuds,Blue,5.1,49,3.9,0,5190,14990,65,Unknown,free delivery
Fire-Boltt,Unknown,Unknown,5.4,50,4.2,5000,7990,89990,91,fastest delivery,free delivery
BOULT,GOBOULT Formerly Mustang Dyno Earbuds,Silver,5.3,60,4.0,2000,11990,49990,76,fastest delivery,free delivery
Spigen,Audio  SA-TW P20,Black,5.3,30,4.2,0,37990,42990,12,fastest delivery,free delivery
Noise,Aura Buds,Black,5.3,60,3.9,400,14990,44990,67,fastest delivery,free delivery
Noise,Buds X2,Beige,5.3,140,3.6,100,13990,44990,69,fastest delivery,free delivery
BOULT,GOBOULT Formerly Z40,Blue,5.3,60,3.8,3000,9990,49990,80,fastest delivery,free delivery
Fire-Boltt,Unknown,Unknown,5.4,50,4.2,2000,7990,89990,91,fastest delivery,free delivery
Bubble,Phantom,Black,5.4,30,3.9,0,11990,1199000,80,Unknown,free delivery
Spigen,Audio  SA-TW S10,White,5.3,30,3.9,0,27990,34990,20,fastest delivery,free delivery
I21,Unknown,Unknown,5.3,40,3.9,0,45210,1507000,5,Unknown,free delivery
Bubble,Pods,Unknown,5.4,30,3.9,0,7490,749000,83,Unknown,free delivery
Hammer,Aura 32dB ANC,Beige,6.0,50,3.9,100,9990,24990,60,fastest delivery,free delivery
Noise,Buds N1 Pro,Black,5.3,60,3.8,1000,15990,49990,68,fastest delivery,free delivery
BOULT,GOBOULT Formerly Z40 Pro,Unknown,5.3,100,3.8,1000,11990,54990,78,fastest delivery,free delivery
Itel,Rhythm,Blue,5.3,30,3.9,0,8990,224750,31,Unknown,free delivery
Noise,Buds X2,Black,5.3,140,3.6,500,13990,44990,69,fastest delivery,free delivery
Bubble,Phantom,Silver,5.4,30,3.9,0,11990,1199000,80,Unknown,free delivery
Bubble,Pods,Unknown,5.4,30,3.9,0,7490,749000,83,Unknown,free delivery
Truke,Buds Elite,Black,5.4,70,4.0,4000,5990,599000,74,fastest delivery,free delivery
Spigen,Audio  SA-TW P20,White,5.3,30,4.0,0,37990,42990,12,fastest delivery,free delivery
BOULT,GOBOULT Formerly Z40,Black,5.3,60,3.8,2000,7990,49990,84,fastest delivery,free delivery
Acwo,Dwots Sense OWS Wireless Over Ear Earphones|Situational Awareness|15Mm Titanium Drivers|65 Hours Playback|BT V5.4|Secure Fit|4 Mics,Silver,5.4,65,3.9,300,20990,69990,70,fastest delivery,free delivery
Jc,Silver,Silver,5.4,35,4.6,0,9500,34990,73,Unknown,free delivery
Amazon,basics,Blue,5.3,50,3.5,0,9190,24990,63,fastest delivery,free delivery
Amazon,basics,Blue,5.3,50,3.8,0,6560,24990,74,fastest delivery,free delivery
Edyell,in-Ear Earbuds ANC,Unknown,5.4,100,3.8,0,7090,59990,88,Unknown,free delivery
Noise,Buds VS404,White,5.3,50,4.0,500,9990,34990,71,fastest delivery,free delivery
BOULT,GOBOULT Formerly Z40 Pro,Unknown,5.3,100,3.8,1000,11990,54990,78,fastest delivery,free delivery
Just,CORSECA Stalker Wireless Earbuds Pink |,Pink,5.1,15,3.0,0,29990,89990,67,Unknown,free delivery
Truke,Buds Aura,Unknown,5.4,70,3.8,200,7990,27990,71,fastest delivery,free delivery
Newly,Ultra Airbuds,Beige,5.3,70,3.5,0,16990,129950,87,fastest delivery,free delivery
Hoppup,Xo6 Gaming Earbuds,Black,5.3,50,3.9,0,8990,49990,82,fastest delivery,free delivery
Hoppup,Predator Xo3 Gaming Earbuds,Black,5.3,50,3.8,0,7970,49990,84,fastest delivery,free delivery
Hoppup,Predator Xo7 Gaming Earbuds,Black,5.3,49,3.3,0,8990,899000,82,fastest delivery,free delivery
Jc,Snapper,Blue,5.2,40,3.9,0,9990,34990,71,fastest delivery,free delivery
pTron,Tangent Rush w/ 50Hrs Playtime,Green,5.4,50,3.6,50,4990,17990,72,fastest delivery,free delivery
Soundcore,by Anker R50i VI,Unknown,5.3,30,4.1,0,8990,29980,70,fastest delivery,free delivery
Bubble,Pods,Unknown,5.4,30,3.9,0,7490,749000,83,Unknown,free delivery
Tm10,Unknown,Pink,5.3,49,5.0,0,9380,49990,81,fastest delivery,free delivery
pTron,Tangent Rush w/ 50Hrs Playtime,Black,5.4,50,3.6,100,4990,17990,72,fastest delivery,free delivery
Life,Like UFO,Unknown,5.3,48,3.9,0,11490,29990,62,fastest delivery,free delivery
Gm,True Wireless Earbuds for Uncut Sound,White,5.3,49,4.3,0,16990,39990,58,fastest delivery,free delivery
TOZO,T6 Ergonomic Edition Wireless Earbuds,Unknown,5.3,3,3.9,0,23900,45980,48,fastest delivery,free delivery
Honeywell,Moxie V1200,Black,1.0,26,3.7,0,9990,42990,77,fastest delivery,free delivery
Life,Like,Black,5.4,100,3.9,0,14990,29990,50,fastest delivery,free delivery
Crossbeats,Fury Max Gaming,Grey,5.4,100,2.3,0,22990,59990,62,fastest delivery,free delivery
Itel,Rhythm Pro,Green,5.3,100,3.9,0,85345,189235,72,Unknown,free delivery
Dubstep,Buzz X11 Wireless Earbuds,Black,5.3,60,3.8,50,6990,59990,88,fastest delivery,free delivery
Hoppup,Predator Xo4 Gaming,White,5.3,50,3.8,0,7990,49990,84,fastest delivery,free delivery
TOZO,T6,White,5.3,3,3.9,0,17300,79990,78,fastest delivery,free delivery
Itel,Rhythm Pro,Blue,5.3,100,1.0,0,7788,172683,74,fastest delivery,free delivery
pTron,Bassbuds Gomax in-Ear,Green,5.3,36,2.8,300,5980,28990,79,fastest delivery,free delivery
Dudao,U4A Open-Ear Wireless Earbud Earhook Design 24H Battery Long Battery Life,Black,5.3,24,3.4,0,5990,29990,80,Unknown,free delivery
Amazon,basics,White,5.3,50,3.5,0,7670,24990,69,fastest delivery,free delivery
Amazon,Basics,Black,5.4,36,3.9,500,6990,14990,53,fastest delivery,free delivery
TOZO,T10,White,5.3,49,3.8,0,16900,38990,57,fastest delivery,free delivery
Jc,Snapper,Black,5.2,40,3.9,0,9990,34990,71,fastest delivery,free delivery
Hoppup,Xo6 Gaming Earbuds,Red,5.3,50,3.9,0,7890,49990,84,fastest delivery,free delivery
Tws,Bluetooth 5.3 Earbuds,Unknown,5.3,50,3.9,0,41880,1396000,5,Unknown,free delivery
Amazon,basics,White,5.3,80,3.4,100,7430,29990,75,fastest delivery,free delivery
Skullcandy,EcoBuds,Unknown,5.3,8,3.7,50,19990,39990,50,fastest delivery,free delivery
Truke,Buds F1 Ultra,Black,5.3,60,3.8,700,7990,29990,73,fastest delivery,free delivery
BOULT,GOBOULT Formerly Mustang Torq Wireless,Silver,5.3,60,4.0,0,14990,59990,75,fastest delivery,free delivery
Hoppup,Predator Xo3 Gaming Earbuds,White,5.3,50,3.8,0,7970,49990,84,fastest delivery,free delivery
Amazon,basics,White,5.3,60,3.6,200,7210,24990,71,fastest delivery,free delivery
Amazon,basics,Grey,5.3,80,3.6,0,8080,24990,68,fastest delivery,free delivery
Amazon,basics,Black,5.3,50,3.5,0,8990,24990,64,fastest delivery,free delivery
BOULT,GOBOULT Formerly Mustang Torq Wireless,Yellow,5.3,60,4.0,4000,14990,59990,75,fastest delivery,free delivery
Hoppup,Predator Xo3 Gaming Earbuds,Yellow,5.3,50,3.8,0,7890,49990,84,fastest delivery,free delivery
pTron,Bassbuds Revv in-Ear,Jet Black,5.3,28,2.8,100,5980,45990,87,fastest delivery,free delivery
Kratos,N4,Unknown,5.3,52,3.9,0,4990,19990,75,fastest delivery,free delivery
Life,Like Over-Ear Buds,Black,5.3,49,1.0,0,7490,19990,63,Unknown,free delivery
Dark,Beatz Bassbuds Spark in-Ear,Silver,5.3,40,2.9,0,8890,22990,61,Unknown,free delivery
Hoppup,AirDoze F50 Earbuds,Navy,5.3,40,3.7,0,5990,599000,88,fastest delivery,free delivery
Ultrabuds,N3,Teal,5.3,50,4.4,50,7990,19990,60,fastest delivery,free delivery
Apex,S1,Black,5.3,100,4.8,50,8990,69990,87,fastest delivery,free delivery
Hoppup,Predator Xo4 Gaming,Black,5.3,50,3.8,0,7990,49990,84,fastest delivery,free delivery
Leaf,Buds X121,Carbon Black,5.4,30,4.1,0,8990,24990,64,fastest delivery,free delivery
TOZO,T6,Gold,5.3,3,3.9,0,16200,99990,84,fastest delivery,free delivery
Noise,Airwave Crest,Blue,5.4,50,3.7,300,11990,29990,60,fastest delivery,free delivery
Noise,Airwave,Ice Blue,5.3,50,3.8,500,9990,24990,60,fastest delivery,free delivery
Hoppup,AirDoze Fusion Earbuds,White,5.3,40,3.8,0,6990,49990,86,fastest delivery,free delivery
TOZO,T6,Pink,5.3,3,3.9,0,19800,69990,72,fastest delivery,free delivery
Amazon,basics,Black,5.3,60,3.4,0,6920,24990,72,Unknown,free delivery
Amazon,basics,Green,5.3,70,3.8,50,7110,24990,72,fastest delivery,free delivery
Acwo,DwOTS Fire India's First in-Ear + Half-in-in Ear Earbuds,Silver,5.3,49,3.7,100,19040,79990,76,fastest delivery,free delivery
Amazon,basics,Blue,5.3,50,3.6,0,7660,24990,69,fastest delivery,free delivery
Hoppup,Predator Xo1 Gaming,Black,5.3,50,4.0,0,7990,49990,84,fastest delivery,free delivery
Ultrabuds,N3,Green,5.3,50,4.4,100,6990,19990,65,fastest delivery,free delivery
Leaf,Buds X121,White,5.4,30,4.1,0,8990,24990,64,fastest delivery,free delivery
Portronics,Harmonics Twins S3 Smart,Black,5.2,20,3.9,500,6490,19990,68,Unknown,free delivery
Skullcandy,Smokin Buds XT Wireless,Black,5.3,20,3.4,0,21990,99990,78,fastest delivery,free delivery
pTron,Bassbuds Rogue W/ 40Ms Low-Latency Gaming,Blue,5.3,50,4.0,1000,5990,22990,74,fastest delivery,free delivery
Skullcandy,Rail Wireless Earbuds,Orange,5.3,42,3.6,0,56990,219990,74,fastest delivery,free delivery
Wireless,T-110,White,5.3,38,3.9,0,14990,29990,50,Unknown,free delivery
Skullcandy,Dime Evo Wireless,Unknown,5.3,36,4.0,0,39990,199990,80,fastest delivery,free delivery
Philips,TAT1050BK/94,Black,5.3,50,3.6,0,15990,28990,45,fastest delivery,free delivery
Acwo,Dwots Fire India's First,White,5.3,49,3.7,50,19980,79990,75,fastest delivery,free delivery
Jlab,Go Air Pop,Black,5.3,32,3.8,0,14990,32490,54,Unknown,free delivery
Small,Bluetooth On Ear Headphones Wrap Around Head - Sports Wireless Headset,Black,5.3,49,3.5,0,19990,69990,71,Unknown,free delivery
Hoppup,AirDoze Fusion Earbuds,Blue,5.3,40,3.8,0,5990,49990,88,fastest delivery,free delivery
Hoppup,Predator Xo4 Gaming,Blue,5.3,50,3.8,0,7990,49990,84,fastest delivery,free delivery
Portronics,Harmonics Twins S16,Black,5.3,24,3.9,500,6990,19990,65,fastest delivery,free delivery
Noise,Buds N1,Beige,5.3,40,3.9,1000,11990,34990,66,fastest delivery,free delivery
I21,Unknown,Unknown,5.3,40,3.9,0,45210,1507000,5,Unknown,free delivery
Bubble,Phantom,Silver,5.4,30,3.9,0,11990,1199000,80,Unknown,free delivery
Bubble,Pods,Unknown,5.4,30,3.9,0,7490,749000,83,Unknown,free delivery
Skullcandy,Ink’D,Unknown,5.4,48,4.0,500,19990,1999000,80,fastest delivery,free delivery
Itel,T11 Pro,Green,5.3,42,4.0,0,6990,29990,77,fastest delivery,free delivery
boAt,Airdopes 121 Pro Plus,Black,5.3,100,3.7,1000,11990,49900,76,fastest delivery,free delivery
Noise,Buds VS601,Green,5.3,50,3.8,400,13990,39990,65,fastest delivery,free delivery
Spellbound,TWS Wireless Earbuds,Blue,5.1,49,3.9,0,5190,14990,65,Unknown,free delivery
Bubble,Pods,Unknown,5.4,30,3.9,0,7490,749000,83,Unknown,free delivery
Truke,[2025] Mega 7,Brown,5.3,60,4.3,1000,9990,34990,71,fastest delivery,free delivery
Truke,Mega 9,Unknown,5.3,70,4.1,1000,9990,39990,75,fastest delivery,free delivery
BOULT,GOBOULT Formerly Astra,Black,5.3,48,4.1,1000,10990,34990,69,fastest delivery,free delivery
Itel,Rhythm,Blue,5.3,30,3.9,0,8990,224750,31,Unknown,free delivery
Life,Like UFO,Unknown,5.3,48,3.9,0,11490,29990,62,fastest delivery,free delivery
Bubble,Phantom,Black,5.4,30,3.9,0,11990,1199000,80,Unknown,free delivery
Wireless,T-110,White,5.3,38,3.9,0,14990,29990,50,Unknown,free delivery
Spigen,Audio  SA-TW P20,Black,5.3,30,4.2,0,37990,42990,12,fastest delivery,free delivery
BOULT,GOBOULT Formerly Z40,Blue,5.3,60,3.8,3000,9990,49990,80,fastest delivery,free delivery
BOULT,GOBOULT Formerly Mustang Dyno Earbuds,Silver,5.3,60,4.0,2000,11990,49990,76,fastest delivery,free delivery
Spigen,Audio  SA-TW P10,Black,5.3,30,3.5,0,33990,40990,17,fastest delivery,free delivery
Jc,Silver,Silver,5.4,35,4.6,0,9500,34990,73,Unknown,free delivery
Noise,Buds VS601,Silver,5.3,50,3.8,300,13990,39990,65,Unknown,free delivery
Spigen,Audio  SA-TW S10,White,5.3,30,3.9,0,27990,34990,20,fastest delivery,free delivery
Spigen,Audio  SA-TW S10,Black,5.3,30,4.3,0,27990,34990,20,fastest delivery,free delivery
Just,CORSECA Stalker Wireless Earbuds Pink |,Pink,5.1,15,3.0,0,29990,89990,67,Unknown,free delivery
Noise,Buds VS601,Copper,5.3,50,3.8,1000,13990,39990,65,fastest delivery,free delivery
Spigen,Audio  SA-TW P20,White,5.3,30,4.0,0,37990,42990,12,fastest delivery,free delivery
Bubble,Pods,Unknown,5.4,30,3.9,0,7490,749000,83,Unknown,free delivery
Noise,Aura Buds,White,5.3,60,3.9,0,14990,44990,67,fastest delivery,free delivery
Truke,BTG Flex,Black,5.4,60,3.8,50,7990,799000,77,fastest delivery,free delivery
BOULT,GOBOULT Formerly Z40,White,5.3,60,3.8,0,9990,49990,80,fastest delivery,free delivery
Acwo,Dwots Sense OWS Wireless Over Ear Earphones|Situational Awareness|15Mm Titanium Drivers|65 Hours Playback|BT V5.4|Secure Fit|4 Mics,Silver,5.4,65,3.9,300,20990,69990,70,fastest delivery,free delivery
Crossbeats,Fury Max Gaming,Grey,5.4,100,2.3,0,22990,59990,62,fastest delivery,free delivery
Noise,Aura Buds,Blue,5.3,60,3.9,400,14990,44990,67,fastest delivery,free delivery
Noise,Buds VS404,Jet Black,5.3,50,4.0,1000,9990,34990,71,fastest delivery,free delivery
BOULT,GOBOULT Formerly Mustang Torq Wireless,Yellow,5.3,60,4.0,4000,14990,59990,75,fastest delivery,free delivery
BOULT,GOBOULT Formerly Astra Neo,White,5.4,70,4.1,1000,9990,34990,71,fastest delivery,free delivery
Noise,Buds X2,Beige,5.3,140,3.6,100,13990,44990,69,fastest delivery,free delivery
Noise,Aura Buds,Black,5.3,60,3.9,400,14990,44990,67,fastest delivery,free delivery
BOULT,GOBOULT Formerly Z40 Pro,Unknown,5.3,100,3.8,1000,11990,54990,78,fastest delivery,free delivery
Jc,Snapper,Black,5.2,40,3.9,0,9990,34990,71,fastest delivery,free delivery
BOULT,GOBOULT Formerly Mustang Torq Wireless,Silver,5.3,60,4.0,0,14990,59990,75,fastest delivery,free delivery
Jc,Snapper,Blue,5.2,40,3.9,0,9990,34990,71,fastest delivery,free delivery
Noise,Buds N1 Pro,Black,5.3,60,3.8,1000,15990,49990,68,fastest delivery,free delivery
Life,Like,Black,5.4,100,3.9,0,14990,29990,50,fastest delivery,free delivery
BOULT,GOBOULT Formerly Astra,Unknown,5.3,48,4.1,500,10990,34990,69,fastest delivery,free delivery
Tws,Bluetooth 5.3 Earbuds,Unknown,5.3,50,3.9,0,41880,1396000,5,Unknown,free delivery
BOULT,GOBOULT Formerly Z40 Pro,Unknown,5.3,100,3.8,1000,11990,54990,78,fastest delivery,free delivery
Noise,Buds X2,Black,5.3,140,3.6,500,13990,44990,69,fastest delivery,free delivery
Truke,Buds Aura,Unknown,5.4,70,3.8,200,7990,27990,71,fastest delivery,free delivery
Fire-Boltt,Unknown,Unknown,5.4,50,4.2,2000,7990,89990,91,fastest delivery,free delivery
Hammer,Aura 32dB ANC,Beige,6.0,50,3.9,100,9990,24990,60,fastest delivery,free delivery
Truke,Buds Elite,Black,5.4,70,4.0,4000,5990,599000,74,fastest delivery,free delivery
Edyell,in-Ear Earbuds ANC,Unknown,5.4,100,3.8,0,7090,59990,88,Unknown,free delivery
BOULT,GOBOULT Formerly Z40,Black,5.3,60,3.8,2000,7990,49990,84,fastest delivery,free delivery
Noise,Buds VS404,White,5.3,50,4.0,500,9990,34990,71,fastest delivery,free delivery
Spellbound,TWS Wireless Earbuds,Blue,5.1,49,3.9,0,5190,14990,65,Unknown,free delivery
Newly,Ultra Airbuds,Beige,5.3,70,3.5,0,16990,129950,87,fastest delivery,free delivery
Skullcandy,EcoBuds,Unknown,5.3,8,3.7,50,19990,39990,50,fastest delivery,free delivery
